,S&P 500,NASDAQ,FTSE 100,US 10-Year Treasury,Gold,Crude Oil,US Dollar Index,Bitcoin
S&P 500,1.0,0.9915782280487845,0.9147358511759796,-0.019319980595546706,0.8656934593332054,-0.608007816788664,-0.35253296998498573,0.9130045643432831
NASDAQ,0.9915782280487845,1.0,0.9084589540265848,0.004792485666328356,0.8593375015066941,-0.5947908117970612,-0.36422856895977995,0.9089574986961957
FTSE 100,0.9147358511759796,0.9084589540265848,1.0,-0.01868116457282723,0.9283861718275008,-0.6431422607798546,-0.5066642811952622,0.8785774831433515
US 10-Year Treasury,-0.019319980595546706,0.004792485666328356,-0.01868116457282723,1.0,-0.00012818144207780915,0.20614939945828722,0.43372240317604266,0.22378322685924604
Gold,0.8656934593332054,0.8593375015066941,0.9283861718275008,-0.00012818144207780915,1.0,-0.7853831428078657,-0.5950478668344695,0.886159010338128
Crude Oil,-0.608007816788664,-0.5947908117970612,-0.6431422607798546,0.20614939945828722,-0.7853831428078657,1.0,0.5919236218306524,-0.645013811394507
US Dollar Index,-0.35253296998498573,-0.36422856895977995,-0.5066642811952622,0.43372240317604266,-0.5950478668344695,0.5919236218306524,1.0,-0.35574245604967347
Bitcoin,0.9130045643432831,0.9089574986961957,0.8785774831433515,0.22378322685924604,0.886159010338128,-0.645013811394507,-0.35574245604967347,1.0
